insert into grupos(nome_grupo) values
('ROLE_CONSULTOR'),
('ROLE_CLIENTE'),
('ROLE_LIDER');

insert into usuarios(email, senha, codigo, nome) values 
('lmb@gmail.com', '$2a$10$ssk7PsnnLtpX6xpLaNVXdu6h8UnvgKKEDTdOBgSXUupBh9mRgjggW','0001', 'LMB'),
('jlp@gmail.com', '$2a$10$ssk7PsnnLtpX6xpLaNVXdu6h8UnvgKKEDTdOBgSXUupBh9mRgjggW','0002', 'JLP'),
('organsinmotion@gmail.com', '$2a$10$ssk7PsnnLtpX6xpLaNVXdu6h8UnvgKKEDTdOBgSXUupBh9mRgjggW','0003', 'Organs In Motion'),
('athena@gmail.com', '$2a$10$ssk7PsnnLtpX6xpLaNVXdu6h8UnvgKKEDTdOBgSXUupBh9mRgjggW','0004', 'Athena'),
('aquaterm@gmail.com', '$2a$10$ssk7PsnnLtpX6xpLaNVXdu6h8UnvgKKEDTdOBgSXUupBh9mRgjggW','0005', 'AquaTerm'),
('algterm@gmail.com', '$2a$10$ssk7PsnnLtpX6xpLaNVXdu6h8UnvgKKEDTdOBgSXUupBh9mRgjggW','0006', 'ALGTerm'),
('pollo@gmail.com', '$2a$10$ssk7PsnnLtpX6xpLaNVXdu6h8UnvgKKEDTdOBgSXUupBh9mRgjggW','0007', 'Pollo'),
('ecologiccolor@gmail.com', '$2a$10$ssk7PsnnLtpX6xpLaNVXdu6h8UnvgKKEDTdOBgSXUupBh9mRgjggW','0008', 'Ecologic Color'),
('antilhas@gmail.com', '$2a$10$ssk7PsnnLtpX6xpLaNVXdu6h8UnvgKKEDTdOBgSXUupBh9mRgjggW','0009', 'Antilhas'),
('olimpia@gmail.com', '$2a$10$ssk7PsnnLtpX6xpLaNVXdu6h8UnvgKKEDTdOBgSXUupBh9mRgjggW','0010', 'Olimpia');

insert into usuarios(email, senha, codigo, nome) values 
('luanna@totvs.com.br', '$2a$10$ssk7PsnnLtpX6xpLaNVXdu6h8UnvgKKEDTdOBgSXUupBh9mRgjggW','0011', 'João Silva'),
('maria@totvs.com.br', '$2a$10$ssk7PsnnLtpX6xpLaNVXdu6h8UnvgKKEDTdOBgSXUupBh9mRgjggW','0012', 'Maria Souza'),
('gustavo.batistuti@totvs.com.br', '$2a$10$ssk7PsnnLtpX6xpLaNVXdu6h8UnvgKKEDTdOBgSXUupBh9mRgjggW','0013', 'Gustavo Batistuti'),
('lohany.benedito@totvs.com.br', '$2a$10$ssk7PsnnLtpX6xpLaNVXdu6h8UnvgKKEDTdOBgSXUupBh9mRgjggW','0014', 'Lohany Martins'),
('jacqueline.prates@totvs.com.br', '$2a$10$ssk7PsnnLtpX6xpLaNVXdu6h8UnvgKKEDTdOBgSXUupBh9mRgjggW','0015', 'Jacqueline Prates'),
('roberto@totvs.com.br', '$2a$10$ssk7PsnnLtpX6xpLaNVXdu6h8UnvgKKEDTdOBgSXUupBh9mRgjggW','0016', 'Roberto Santana'),
('jean@totvs.com.br', '$2a$10$ssk7PsnnLtpX6xpLaNVXdu6h8UnvgKKEDTdOBgSXUupBh9mRgjggW','0017', 'Jean Sales'),
('marcos@totvs.com.br', '$2a$10$ssk7PsnnLtpX6xpLaNVXdu6h8UnvgKKEDTdOBgSXUupBh9mRgjggW','0018', 'Marcos Robson'),
('lucas@totvs.com.br', '$2a$10$ssk7PsnnLtpX6xpLaNVXdu6h8UnvgKKEDTdOBgSXUupBh9mRgjggW','0019', 'Lucas Campos'),
('renata@totvs.com.br', '$2a$10$ssk7PsnnLtpX6xpLaNVXdu6h8UnvgKKEDTdOBgSXUupBh9mRgjggW','0020', 'Renatta Schummanoff');

insert into usuarios(email, senha, codigo, nome) values 
('oliveira.elias@totvs.com.br','$2a$10$ssk7PsnnLtpX6xpLaNVXdu6h8UnvgKKEDTdOBgSXUupBh9mRgjggW', '0021', 'Elias Oliveira'),
('paulo.souza@totvs.com.br','$2a$10$ssk7PsnnLtpX6xpLaNVXdu6h8UnvgKKEDTdOBgSXUupBh9mRgjggW', '0022', 'Paulo Souza'),
('saulo.silva@totvs.com.br','$2a$10$ssk7PsnnLtpX6xpLaNVXdu6h8UnvgKKEDTdOBgSXUupBh9mRgjggW', '0023', 'Saulo Silva'),
('maria.antonieta@totvs.com.br','$2a$10$ssk7PsnnLtpX6xpLaNVXdu6h8UnvgKKEDTdOBgSXUupBh9mRgjggW', '0024', 'Maria Antonieta'),
('joana.bernardes@totvs.com.br','$2a$10$ssk7PsnnLtpX6xpLaNVXdu6h8UnvgKKEDTdOBgSXUupBh9mRgjggW', '0025', 'Joana Bernardes'),
('rodolfo.martins@totvs.com.br','$2a$10$ssk7PsnnLtpX6xpLaNVXdu6h8UnvgKKEDTdOBgSXUupBh9mRgjggW','0026', 'Rodolfo Martins'),
('aline.alves@totvs.com.br', '$2a$10$ssk7PsnnLtpX6xpLaNVXdu6h8UnvgKKEDTdOBgSXUupBh9mRgjggW', '0027', 'Aline Alves'),
('jaqueline.lourenco@totvs.com.br', '$2a$10$ssk7PsnnLtpX6xpLaNVXdu6h8UnvgKKEDTdOBgSXUupBh9mRgjggW','0028', 'Jaqueline Lourenço'),
('raquel.cristina@totvs.com.br', '$2a$10$ssk7PsnnLtpX6xpLaNVXdu6h8UnvgKKEDTdOBgSXUupBh9mRgjggW','0029', 'Raquel Cristina'), 
('carlos.malvino@totvs.com.br',  '$2a$10$ssk7PsnnLtpX6xpLaNVXdu6h8UnvgKKEDTdOBgSXUupBh9mRgjggW','0030', 'Carlos Malvino');



insert into grupos_usuarios (id_usuario, id_grupo) values
(1, 'ROLE_CLIENTE'),
(2, 'ROLE_CLIENTE'),
(3, 'ROLE_CLIENTE'),
(4, 'ROLE_CLIENTE'),
(5, 'ROLE_CLIENTE'),
(6, 'ROLE_CLIENTE'),
(7, 'ROLE_CLIENTE'),
(8, 'ROLE_CLIENTE'),
(9, 'ROLE_CLIENTE'),
(10, 'ROLE_CLIENTE'),
(11, 'ROLE_CONSULTOR'),					
(12, 'ROLE_CONSULTOR'),
(13, 'ROLE_CONSULTOR'),
(14, 'ROLE_CONSULTOR'),					
(15, 'ROLE_CONSULTOR'),
(16, 'ROLE_CONSULTOR'),
(17, 'ROLE_CONSULTOR'),					
(18, 'ROLE_CONSULTOR'),
(19, 'ROLE_CONSULTOR'),
(20, 'ROLE_CONSULTOR'),
(21, 'ROLE_LIDER'),
(22, 'ROLE_LIDER'),
(23, 'ROLE_LIDER'),
(24, 'ROLE_LIDER'),
(25, 'ROLE_LIDER'),
(26, 'ROLE_LIDER'),
(27, 'ROLE_LIDER'),
(28, 'ROLE_LIDER'),
(29, 'ROLE_LIDER'),
(30, 'ROLE_LIDER');

insert into clientes(telefone,id_usuario) values 
('46120915', 1), 
('42091622', 2), 
('40223060', 3), 
('40028922', 4),
('41845027', 5), 
('34525024', 6), 
('30107723', 7), 
('48102250', 8),
('46120915', 9), 
('40092245', 10);

insert into consultores(cargo, creditos_por_hora, unidade, id_usuario) values 
('analista I', 100.0, 'Matriz', 11),
('analista II', 150.0, 'Matriz', 12),
('analista III', 250.0, 'Matriz', 13),
('especialista', 320.0, 'Matriz', 14),
('especialista', 350.0, 'Matriz', 15),
('especialista', 400.0, 'Matriz', 16),
('analista I', 120.0, 'Matriz', 17),
('analista II', 200.0, 'Matriz', 18),
('analista III', 230.0, 'Matriz', 19),
('especialista', 400.0, 'Matriz', 20);



insert into lideres(id_usuario, unidade) values
(21, 'SP'),
(22, 'BH'),
(23, 'SP'),
(24, 'SP'),
(25, 'BH'),
(26, 'MG'),
(27, 'SP'),
(28, 'BH'),
(29, 'SP'),
(30, 'MG');


insert into habilidades_principais(nome_habilidade_principal) values 
('RM'), 
('DATASUL'),
('FLUIG'),
('PROTHEUS');

insert into habilidades_especificas(nome_habilidade_especifica, id_habilidades_principais) values 
('Financeiro',1), 
('Contábil',1), 
('Fiscal',1), 
('Compras',1), 
('Fiscal',1),
('Compras',4),
('Estoque',4),
('Faturamento',4),
('BPM',3),
('GFE',3),
('Agiles',1),
('WCM',3),
('Educacional',1),
('Manufatura',2);

insert into consultor_tem_habilidades_especificas(id_usuario, id_habilidade_especifica) values 
(11, 1), 
(11, 5),
(11, 6),  
(12, 2),
(12, 14),  
(13, 1),
(13, 11),  
(14, 2),
(14, 10),
(15, 9),   
(15, 3),
(15, 8),
(16, 13),  
(16, 4), 
(17, 1), 
(18, 2), 
(19, 4), 
(20, 3);

insert into projetos (codigo_projeto, coordenador, modulo, nome, produto, qtd_creditos, id_cliente) values 
('00001', 'Eliane', 'Backoffice', 'LMB', 'RM', '1000', 1),
('00002', 'Marcio', 'Educacional', 'JLP', 'DATASUL', '1500', 2),
('00003', 'Beraldo', 'TOP', 'OrganInMotion', 'PROTHEUS', '500', 3),
('00004', 'Emersson', 'TN', 'Athena', 'PROTHEUS', '500', 4),
('00005', 'Claudia', 'Agiles', 'AquaTerm', 'PROTHEUS', '500', 5),
('00006', 'Roberto', 'Saude', 'ALGTerm', 'RM', '1200', 6),
('00007', 'Alicia', 'Backoffice', 'Pollo', 'PROTHEUS', '100', 7),
('00008', 'Mariana', 'Educacional', 'Ecologic Color', 'PROTHEUS', '50', 8),
('00009', 'Vanessa', 'GFE', 'Antilhas', 'Fluig', '100', 9),
('00010', 'Igor', 'Manufatura', 'Olimpia', 'DATASUL', '1400', 10);


